"Date";"Value";"FVal";"PVal"
2012-03-22;2,3319;0,098;0,753867
2012-03-23;2,2882;0,125;0,723618
2012-03-26;2,2893;0,1;0,752151
2012-03-27;2,2304;0,093;0,760772
2012-03-28;2,2422;0,065;0,798606
2012-03-29;2,201;0,077;0,781998
2012-03-30;2,2649;0,082;0,775215
2012-04-02;2,2525;0,131;0,717107
2012-04-03;2,3323;0,15;0,69883
2012-04-04;2,2763;0,133;0,71509
2012-04-05;2,2178;0,059;0,807629
2012-04-06;2,0791;0,015;0,90293
2012-04-09;2,0649;0,001;0,979003
2012-04-10;2,0124;0,018;0,892688
2012-04-11;2,0572;0,045;0,831155
2012-04-12;2,0939;0,108;0,743045
2012-04-13;2,0282;0,202;0,653456
2012-04-16;2,0071;0,293;0,588178
2012-04-17;2,0454;0,416;0,518977
2012-04-18;2,0188;0,576;0,448147
2012-04-19;1,9925;0,74;0,389732
2012-04-20;2,0057;0,955;0,328482
2012-04-23;1,9693;1,146;0,284565
2012-04-24;2,0069;1,333;0,24854
2012-04-25;2,0184;1,561;0,21167
2012-04-26;1,9905;1,826;0,176817
2012-04-27;1,9711;2,113;0,146252
2012-04-30;1,9633;2,366;0,124201
2012-05-01;1,9942;2,678;0,101923
2012-05-02;1,96;2,988;0,084088
2012-05-03;1,968;3,402;0,065328
2012-05-04;1,9107;3,822;0,05078
2012-05-07;1,9157;4,324;0,03775
2012-05-08;1,8781;4,864;0,027574
2012-05-09;1,8677;5,379;0,020513
2012-05-10;1,8892;6,001;0,014412
2012-05-11;1,8444;6,772;0,009354
2012-05-14;1,7851;7,622;0,005835
2012-05-15;1,7625;8,524;0,003558
2012-05-16;1,7544;9,617;0,001964
2012-05-17;1,6903;10,717;0,001086
2012-05-18;1,7037;11,782;0,000614
2012-05-21;1,7302;12,764;0,000365
2012-05-22;1,7701;13,937;0,000196
2012-05-23;1,7116;15,002;0,000112
2012-05-24;1,7577;16,155;6,1e-05
2012-05-25;1,7357;17,36;3,3e-05
2012-05-29;1,7268;18,959;1,4e-05
2012-05-30;1,6133;20,736;6e-06
2012-05-31;1,574;23,021;2e-06
2012-06-01;1,4448;25,129;1e-06
2012-06-04;1,5153;27,113;0
2012-06-05;1,5639;28,771;0
2012-06-06;1,6595;30,483;0
2012-06-07;1,6526;32,246;0
2012-06-08;1,6466;34,276;0
2012-06-11;1,589;35,999;0
2012-06-12;1,67;38,072;0
2012-06-13;1,594;39,988;0
2012-06-14;1,6371;42,123;0
2012-06-15;1,5941;44,318;0
2012-06-18;1,588;46,344;0
2012-06-19;1,6311;48,296;0
2012-06-20;1,6517;50,388;0
2012-06-21;1,6272;52,203;0
2012-06-22;1,6886;54,345;0
2012-06-25;1,6258;56,369;0
2012-06-26;1,6539;58,495;0
2012-06-27;1,6376;60,905;0
2012-06-28;1,5865;62,942;0
2012-06-29;1,6632;65,402;0
2012-07-02;1,5865;67,627;0
2012-07-03;1,6353;70,029;0
2012-07-05;1,6065;72,723;0
2012-07-06;1,5577;75,655;0
2012-07-09;1,5208;78,685;0
2012-07-10;1,51;81,692;0
2012-07-11;1,5207;84,914;0
2012-07-12;1,4902;88,065;0
2012-07-13;1,5089;91,376;0
2012-07-16;1,4887;94,566;0
2012-07-17;1,515;97,832;0
2012-07-18;1,5084;100,956;0
2012-07-19;1,5368;104,447;0
2012-07-20;1,4844;108,135;0
2012-07-23;1,4603;112,095;0
2012-07-24;1,4262;116,11;0
2012-07-25;1,4255;119,999;0
2012-07-26;1,4517;123,068;0
2012-07-27;1,5766;126,476;0
2012-07-30;1,5316;130,05;0
2012-07-31;1,5125;133,251;0
2012-08-01;1,5696;136,897;0
2012-08-02;1,5115;139,856;0
2012-08-03;1,6101;142,917;0
2012-08-06;1,5991;145,431;0
2012-08-07;1,6758;147,847;0
2012-08-08;1,6908;150,198;0
2012-08-09;1,7009;152,818;0
2012-08-10;1,6667;155,475;0
2012-08-13;1,6637;157,538;0
2012-08-14;1,7436;159,026;0
2012-08-15;1,8199;160,223;0
2012-08-16;1,8588;161,571;0
2012-08-17;1,8396;162,943;0
2012-08-20;1,8371;164,442;0
2012-08-21;1,8211;166,7;0
2012-08-22;1,7228;169,252;0
2012-08-23;1,6862;171,754;0
2012-08-24;1,6943;174,535;0
2012-08-27;1,66;177,449;0
2012-08-28;1,6452;180,245;0
2012-08-29;1,6622;183,281;0
2012-08-30;1,634;186,885;0
2012-08-31;1,5658;190,349;0
2012-09-04;1,5863;193,726;0
2012-09-05;1,5999;196,449;0
2012-09-06;1,6819;199,312;0
2012-09-07;1,6668;202,083;0
2012-09-10;1,6797;204,735;0
2012-09-11;1,6956;206,798;0
2012-09-12;1,7672;209,112;0
2012-09-13;1,7383;210,283;0
2012-09-14;1,8749;211,716;0
2012-09-17;1,8444;213,425;0
2012-09-18;1,8125;215,351;0
2012-09-19;1,7875;217,293;0
2012-09-20;1,7865;219,475;0
2012-09-21;1,7592;221,968;0
2012-09-24;1,7238;224,876;0
2012-09-25;1,6769;228,399;0
2012-09-26;1,6077;231,721;0
2012-09-27;1,6334;235,105;0
2012-09-28;1,6285;238,585;0
2012-10-01;1,6201;242,105;0
2012-10-02;1,6181;245,672;0
2012-10-03;1,6153;248,747;0
2012-10-04;1,6723;251,266;0
2012-10-05;1,7354;253,951;0
2012-10-09;1,7183;256,943;0
2012-10-10;1,6862;260,069;0
2012-10-11;1,6732;263,282;0
2012-10-12;1,6657;266,463;0
2012-10-15;1,671;269,107;0
2012-10-16;1,7303;270,898;0
2012-10-17;1,8225;272,415;0
2012-10-18;1,8525;274,559;0
2012-10-19;1,7863;276,388;0
2012-10-22;1,8208;278,629;0
2012-10-23;1,7778;280,752;0
2012-10-24;1,7912;282,353;0
2012-10-25;1,8471;284,667;0
2012-10-26;1,7728;287,442;0
2012-10-29;1,7255;290,378;0
2012-10-31;1,71;293,08;0
2012-11-01;1,7358;295,759;0
2012-11-02;1,7394;298,806;0
2012-11-05;1,7028;301,27;0
2012-11-06;1,7641;304,871;0
2012-11-07;1,6492;309,035;0
2012-11-08;1,5943;313,248;0
2012-11-09;1,5923;317,741;0
2012-11-13;1,5674;322,222;0
2012-11-14;1,5718;326,861;0
2012-11-15;1,5596;331,539;0
2012-11-16;1,5593;335,88;0
2012-11-19;1,5952;339,69;0
2012-11-20;1,649;343,279;0
2012-11-21;1,6722;346,792;0
2012-11-23;1,6814;350,698;0
2012-11-26;1,6461;354,844;0
2012-11-27;1,6259;359,212;0
2012-11-28;1,6077;363,7;0
2012-11-29;1,5994;368,202;0
2012-11-30;1,601;372,644;0
2012-12-03;1,6093;377,249;0
2012-12-04;1,5973;382,079;0
2012-12-05;1,5801;387,117;0
2012-12-06;1,5647;391,643;0
2012-12-07;1,6133;396,258;0
2012-12-10;1,6082;400,574;0
2012-12-11;1,637;404,294;0
2012-12-12;1,6909;407,677;0
2012-12-13;1,7218;411,25;0
2012-12-14;1,7069;414,086;0
2012-12-17;1,7715;416,325;0
2012-12-18;1,8235;418,756;0
2012-12-19;1,8079;421,288;0
2012-12-20;1,8003;424,287;0
2012-12-21;1,7617;427,112;0
2012-12-24;1,7776;430,164;0
2012-12-26;1,7596;433,752;0
2012-12-27;1,716;437,447;0
2012-12-28;1,7086;440,535;0
2012-12-31;1,7606;442,618;0
2013-01-02;1,8448;443,861;0
2013-01-03;1,915;444,98;0
2013-01-04;1,9258;446,227;0
2013-01-07;1,9158;447,921;0
2013-01-08;1,8795;449,762;0
2013-01-09;1,8681;451,147;0
2013-01-10;1,9063;452,828;0
2013-01-11;1,8825;454,593;0
2013-01-14;1,8763;456,763;0
2013-01-15;1,8437;459,124;0
2013-01-16;1,8288;460,816;0
2013-01-17;1,8843;462,839;0
2013-01-18;1,858;465,01;0
2013-01-22;1,8466;467,254;0
2013-01-23;1,8414;469,261;0
2013-01-24;1,8615;469,919;0
2013-01-25;1,9716;470,336;0
2013-01-28;1,9918;470,462;0
2013-01-29;2,0162;470,623;0
2013-01-30;2,014;470,859;0
2013-01-31;2,0086;470,757;0
2013-02-01;2,0369;471,217;0
2013-02-04;1,9916;471,209;0
2013-02-05;2,0307;471,705;0
2013-02-06;1,9899;472,413;0
2013-02-07;1,9731;473,023;0
2013-02-08;1,9817;473,638;0
2013-02-11;1,9819;473,877;0
2013-02-12;2,0135;473,555;0
2013-02-13;2,0605;473,949;0
2013-02-14;2,002;474,25;0
2013-02-15;2,0103;474,239;0
2013-02-19;2,0369;474,446;0
2013-02-20;2,0194;475,016;0
2013-02-21;1,9898;475,798;0
2013-02-22;1,9727;477,669;0
2013-02-25;1,8827;479,587;0
2013-02-26;1,8794;481,18;0
2013-02-27;1,907;482,99;0
2013-02-28;1,8896;485,214;0
2013-03-01;1,8561;487,182;0
2013-03-04;1,8779;488,903;0
2013-03-05;1,899;490,068;0
2013-03-06;1,9453;490,502;0
2013-03-07;2,006;490,053;0
2013-03-08;2,0794;489,618;0
2013-03-11;2,0791;489,633;0
2013-03-12;2,0426;489,63;0
2013-03-13;2,0447;489,547;0
2013-03-14;2,052;490,008;0
2013-03-15;2,0074;491,106;0
2013-03-18;1,9548;492,728;0
2013-03-19;1,9118;493,783;0
2013-03-20;1,9595;495,121;0
2013-03-21;1,9364;496,65;0
2013-03-22;1,9212;498,218;0
2013-03-25;1,9185;499,929;0
2013-03-26;1,9072;502,312;0
2013-03-27;1,8523;504,628;0
2013-03-28;1,8587;507,111;0
2013-04-01;1,8457;509,261;0
2013-04-02;1,8739;512,14;0
2013-04-03;1,815;515,688;0
2013-04-04;1,7617;520,019;0
2013-04-05;1,6999;523,873;0
2013-04-08;1,7403;527,609;0
2013-04-09;1,7515;530,593;0
2013-04-10;1,813;533,813;0
2013-04-11;1,7953;537,965;0
2013-04-12;1,7229;542,487;0
2013-04-15;1,6957;546,607;0
2013-04-16;1,7293;551,017;0
2013-04-17;1,7087;555,634;0
2013-04-18;1,6947;560,113;0
2013-04-19;1,7076;564,718;0
2013-04-22;1,7001;569,184;0
2013-04-23;1,7128;573,797;0
2013-04-24;1,7038;578,236;0
2013-04-25;1,719;583,272;0
2013-04-26;1,6765;588,345;0
2013-04-29;1,6763;593,333;0
2013-04-30;1,6851;598,97;0
2013-05-01;1,6401;604,637;0
2013-05-02;1,641;608,614;0
2013-05-03;1,7657;612,244;0
2013-05-06;1,7922;615,644;0
2013-05-07;1,8099;619,272;0
2013-05-08;1,7949;622,929;0
2013-05-09;1,7941;625,273;0
2013-05-10;1,8883;627,326;0
2013-05-13;1,9096;628,793;0
2013-05-14;1,9515;630,449;0
2013-05-15;1,9388;633,177;0
2013-05-16;1,8639;634,717;0
2013-05-17;1,9481;636,028;0
2013-05-20;1,9648;637,74;0
2013-05-21;1,9371;638,157;0
2013-05-22;2,0285;638,582;0
2013-05-23;2,0284;639,197;0
2013-05-24;2,0156;637,711;0
2013-05-28;2,1639;636,65;0
2013-05-29;2,1349;635,598;0
2013-05-30;2,1352;634,04;0
2013-05-31;2,172;632,817;0
2013-06-03;2,1492;631,289;0
2013-06-04;2,172;630,355;0
2013-06-05;2,1304;629,756;0
2013-06-06;2,1071;627,818;0
2013-06-07;2,2044;625,311;0
2013-06-10;2,247;623,092;0
2013-06-11;2,2277;620,343;0
2013-06-12;2,268;618,31;0
2013-06-13;2,2171;617,004;0
2013-06-14;2,1647;614,991;0
2013-06-17;2,2181;612,923;0
2013-06-18;2,2236;609,079;0
2013-06-19;2,358;604,162;0
2013-06-20;2,4421;597,943;0
2013-06-21;2,5458;591,112;0
2013-06-24;2,5995;584,072;0
2013-06-25;2,6232;577,698;0
2013-06-26;2,5783;572,216;0
2013-06-27;2,5136;566,35;0
2013-06-28;2,55;560,833;0
2013-07-01;2,5276;555,529;0
2013-07-02;2,5156;549,822;0
2013-07-03;2,5544;541,56;0
2013-07-05;2,7762;534,35;0
2013-07-08;2,6976;527,334;0
2013-07-09;2,69;519,944;0
2013-07-10;2,732;513,823;0
2013-07-11;2,629;507,696;0
2013-07-12;2,6369;502,087;0
2013-07-15;2,5972;496,753;0
2013-07-16;2,5785;491,808;0
2013-07-17;2,5484;486,432;0
2013-07-18;2,5944;481,715;0
2013-07-19;2,5383;477,069;0
2013-07-22;2,5366;472,2;0
2013-07-23;2,5633;466,571;0
2013-07-24;2,6433;461,03;0
2013-07-25;2,6418;455,823;0
2013-07-26;2,6156;450,36;0
2013-07-29;2,6481;444,81;0
2013-07-30;2,6643;439,532;0
2013-07-31;2,6437;432,924;0
2013-08-01;2,79;427,505;0
2013-08-02;2,6745;421,854;0
2013-08-05;2,707;416,259;0
2013-08-06;2,7093;411,177;0
2013-08-07;2,6614;406,352;0
2013-08-08;2,64;401,654;0
2013-08-09;2,6324;396,752;0
2013-08-12;2,6621;390,973;0
2013-08-13;2,7699;385,305;0
2013-08-14;2,7667;379,252;0
2013-08-15;2,8216;372,669;0
2013-08-16;2,8961;365,873;0
2013-08-19;2,935;359,661;0
2013-08-20;2,8771;353,103;0
2013-08-21;2,9329;346,497;0
2013-08-22;2,9529;340,583;0
2013-08-23;2,8779;335,028;0
2013-08-26;2,8429;330,115;0
2013-08-27;2,7688;324,805;0
2013-08-28;2,8313;319,829;0
2013-08-29;2,7964;314,68;0
2013-08-30;2,83;309,028;0
2013-09-03;2,9109;303,248;0
2013-09-04;2,9419;296,984;0
2013-09-05;3,0256;291,16;0
2013-09-06;2,9771;285,654;0
2013-09-09;2,9443;279,885;0
2013-09-10;2,9977;274,52;0
2013-09-11;2,9507;269,268;0
2013-09-12;2,9468;264,213;0
2013-09-13;2,9289;259,317;0
2013-09-16;2,9163;254,636;0
2013-09-17;2,8936;251,019;0
2013-09-18;2,7297;247,05;0
2013-09-19;2,7958;243,173;0
2013-09-20;2,7894;239,546;0
2013-09-23;2,7556;236,268;0
2013-09-24;2,7032;233,25;0
2013-09-25;2,6648;230,103;0
2013-09-26;2,6934;227,099;0
2013-09-27;2,6744;224,12;0
2013-09-30;2,6762;221,076;0
2013-10-01;2,694;218,215;0
2013-10-02;2,6672;215,438;0
2013-10-03;2,6573;212,455;0
2013-10-04;2,7017;209,612;0
2013-10-07;2,6818;206,763;0
2013-10-08;2,689;203,856;0
2013-10-09;2,7066;200,802;0
2013-10-10;2,7419;197,814;0
2013-10-11;2,7362;194,619;0
2013-10-15;2,785;191,763;0
2013-10-16;2,7246;189,332;0
2013-10-17;2,645;186,953;0
2013-10-18;2,6396;184,461;0
2013-10-21;2,6683;182,423;0
2013-10-22;2,5789;180,537;0
2013-10-23;2,551;178,577;0
2013-10-24;2,5702;176,679;0
2013-10-25;2,5608;174,729;0
2013-10-28;2,576;172,85;0
2013-10-29;2,5645;170,89;0
2013-10-30;2,586;168,858;0
2013-10-31;2,606;166,495;0
2013-11-01;2,6846;164,218;0
2013-11-04;2,671;161,702;0
2013-11-05;2,7313;159,322;0
2013-11-06;2,7068;157,155;0
2013-11-07;2,6635;154,398;0
2013-11-08;2,8079;151,541;0
2013-11-12;2,8406;148,91;0
2013-11-13;2,7953;146,558;0
2013-11-14;2,7352;144,164;0
2013-11-15;2,7527;141,953;0
2013-11-18;2,7142;139,614;0
2013-11-19;2,7532;136,949;0
2013-11-20;2,8435;134,347;0
2013-11-21;2,8367;131,931;0
2013-11-22;2,7974;129,597;0
2013-11-25;2,7839;127,408;0
2013-11-26;2,7532;125,111;0
2013-11-27;2,7894;122,793;0
2013-11-29;2,8037;120,296;0
2013-12-02;2,8619;117,923;0
2013-12-03;2,8367;115,357;0
2013-12-04;2,9014;112,712;0
2013-12-05;2,9355;110,128;0
2013-12-06;2,9297;107,641;0
2013-12-09;2,9126;105,381;0
2013-12-10;2,8554;103,007;0
2013-12-11;2,9005;100,544;0
2013-12-12;2,9391;98,171;0
2013-12-13;2,9234;95,795;0
2013-12-16;2,9361;93,578;0
2013-12-17;2,8968;91,266;0
2013-12-18;2,9394;88,852;0
2013-12-19;2,9861;86,617;0
2013-12-20;2,939;84,298;0
2013-12-23;2,9812;81,857;0
2013-12-24;3,0381;79,436;0
2013-12-26;3,0475;77,033;0
2013-12-27;3,0571;74,757;0
2013-12-30;3,0269;72,377;0
2013-12-31;3,0826;70,145;0
2014-01-02;3,0431;67,949;0
2014-01-03;3,0461;65,867;0
2014-01-06;3,0171;63,883;0
2014-01-07;2,9931;61,822;0
2014-01-08;3,0407;59,889;0
2014-01-09;3,0037;58,213;0
2014-01-10;2,9082;56,633;0
2014-01-13;2,8787;55,002;0
2014-01-14;2,9132;53,365;0
2014-01-15;2,9292;51,836;0
2014-01-16;2,8925;50,379;0
2014-01-17;2,8712;48,931;0
2014-01-21;2,879;47,445;0
2014-01-22;2,9094;46,146;0
2014-01-23;2,8301;44,95;0
2014-01-24;2,7894;43,708;0
2014-01-27;2,8225;42,504;0
2014-01-28;2,8137;41,457;0
2014-01-29;2,7409;40,375;0
2014-01-30;2,7686;39,396;0
2014-01-31;2,7218;38,546;0
2014-02-03;2,6585;37,65;0
2014-02-04;2,6907;36,671;0
2014-02-05;2,7446;35,66;0
2014-02-06;2,7708;34,704;0
2014-02-07;2,7485;33,768;0
2014-02-10;2,7459;32,774;0
2014-02-11;2,7893;31,734;0
2014-02-12;2,8281;30,809;0
2014-02-13;2,7681;29,881;0
2014-02-14;2,7802;29,009;0
2014-02-18;2,7548;28,121;0
2014-02-19;2,7746;27,212;0
2014-02-20;2,7989;26,348;0
2014-02-21;2,7796;25,488;0
2014-02-24;2,7881;24,712;1e-06
2014-02-25;2,7403;23,993;1e-06
2014-02-26;2,7095;23,317;2e-06
2014-02-27;2,6875;22,634;2e-06
2014-02-28;2,7003;22,035;3e-06
2014-03-03;2,6461;21,321;4e-06
2014-03-04;2,7399;20,622;6e-06
2014-03-05;2,7387;19,884;9e-06
2014-03-06;2,7793;19,093;1,3e-05
2014-03-07;2,8333;18,33;2e-05
2014-03-10;2,8253;17,606;2,9e-05
2014-03-11;2,8065;16,953;4e-05
2014-03-12;2,7594;16,389;5,4e-05
2014-03-13;2,6938;15,841;7,2e-05
2014-03-14;2,6894;15,254;9,8e-05
2014-03-17;2,7331;14,7;0,000131
2014-03-18;2,7144;14,048;0,000185
2014-03-19;2,8162;13,409;0,000259
2014-03-20;2,8197;12,82;0,000354
2014-03-21;2,7862;12,257;0,000477
2014-03-24;2,7733;11,697;0,000643
2014-03-25;2,7852;11,189;0,000843
2014-03-26;2,7441;10,717;0,001086
2014-03-27;2,7178;10,217;0,001421
2014-03-28;2,7622;9,72;0,001858
2014-03-31;2,773;9,209;0,00245
2014-04-01;2,8043;8,667;0,003291
2014-04-02;2,8599;8,154;0,004355
2014-04-03;2,8441;7,705;0,005574
2014-04-04;2,7834;7,295;0,006993
2014-04-07;2,7502;6,912;0,008651
2014-04-08;2,7288;6,527;0,010722
2014-04-09;2,7463;6,199;0,012891
2014-04-10;2,6815;5,889;0,015354
2014-04-11;2,6674;5,578;0,01831
2014-04-14;2,681;5,285;0,021649
2014-04-15;2,6684;4,991;0,025632
2014-04-16;2,6827;4,653;0,031154
2014-04-17;2,7693;4,33;0,037614
2014-04-21;2,7657;4,021;0,045124
2014-04-22;2,7626;3,739;0,053336
2014-04-23;2,7325;3,466;0,062824
2014-04-24;2,7364;3,213;0,073245
2014-04-25;2,7179;2,961;0,085504
2014-04-28;2,737;2,717;0,099468
2014-04-29;2,741;2,5;0,114075
2014-04-30;2,7062;2,311;0,128676
2014-05-01;2,6595;2,139;0,143759
2014-05-02;2,6353;1,966;0,1611
2014-05-05;2,6586;1,808;0,17895
2014-05-06;2,636;1,658;0,198092
2014-05-07;2,6335;1,516;0,218361
2014-05-08;2,6275;1,377;0,240728
2014-05-09;2,6397;1,235;0,266612
2014-05-12;2,6732;1,113;0,291604
2014-05-13;2,63;1,017;0,31337
2014-05-14;2,5585;0,937;0,333233
2014-05-15;2,5159;0,854;0,355502
2014-05-16;2,5388;0,77;0,380456
2014-05-19;2,5629;0,695;0,40458
2014-05-20;2,5389;0,618;0,431911
2014-05-21;2,5681;0,542;0,461628
2014-05-22;2,5846;0,475;0,4908
2014-05-23;2,5657;0,415;0,519446
2014-05-27;2,5492;0,372;0,541755
2014-05-28;2,4704;0,33;0,565667
2014-05-29;2,4829;0,286;0,592608
2014-05-30;2,51;0,238;0,625789
2014-06-02;2,569;0,186;0,665979
2014-06-03;2,6323;0,139;0,708963
2014-06-04;2,6505;0,101;0,750833
2014-06-05;2,6309;0,068;0,794277
2014-06-06;2,6391;0,041;0,839888
2014-06-09;2,6537;0,02;0,88835
2014-06-10;2,6755;0,006;0,93739
2014-06-11;2,6773;0,001;0,980072
2014-06-12;2,6168;0,001;0,975271
2014-06-13;2,6348;0,008;0,930723
2014-06-16;2,6348;0,023;0,88058
2014-06-17;2,6893;0,043;0,835789
2014-06-18;2,6436;0,072;0,788775
2014-06-19;2,6702;0,107;0,743636
2014-06-20;2,6596;0,149;0,699473
2014-06-23;2,6588;0,194;0,659705
2014-06-24;2,6244;0,241;0,62324
2014-06-25;2,6;0,289;0,591184
2014-06-26;2,5627;0,342;0,558961
2014-06-27;2,5733;0,397;0,528601
2014-06-30;2,5624;0,466;0,495091
2014-07-01;2,6094;0,551;0,458067
2014-07-02;2,6666;0,647;0,421357
2014-07-03;2,6834;0,744;0,388474
2014-07-07;2,6562;0,835;0,361061
2014-07-08;2,602;0,927;0,335736
2014-07-09;2,5898;1,021;0,312451
2014-07-10;2,5766;1,113;0,29162
2014-07-11;2,5547;1,217;0,270126
2014-07-14;2,5824;1,328;0,249395
2014-07-15;2,5889;1,44;0,230326
2014-07-16;2,5791;1,531;0,216125
2014-07-17;2,5028;1,635;0,201242
2014-07-18;2,5307;1,737;0,187724
2014-07-21;2,5175;1,84;0,175148
2014-07-22;2,5116;1,945;0,163331
2014-07-23;2,5088;2,071;0,150296
2014-07-24;2,5566;2,183;0,139758
2014-07-25;2,5098;2,309;0,12884
2014-07-28;2,5381;2,423;0,11977
2014-07-29;2,5015;2,582;0,108278
2014-07-30;2,5996;2,751;0,097382
2014-07-31;2,6106;2,897;0,088931
2014-08-01;2,549;3,042;0,081349
2014-08-04;2,5377;3,185;0,074505
2014-08-05;2,5285;3,328;0,068316
2014-08-06;2,5199;3,447;0,063567
2014-08-07;2,467;3,572;0,058962
2014-08-08;2,4744;3,7;0,054587
2014-08-11;2,4775;3,843;0,05015
2014-08-12;2,4989;3,97;0,046501
2014-08-13;2,4663;4,084;0,043472
2014-08-14;2,438;4,168;0,04137
2014-08-15;2,3809;4,28;0,038744
2014-08-18;2,429;4,401;0,03609
2014-08-19;2,4433;4,538;0,033318
2014-08-20;2,468;4,665;0,030936
2014-08-21;2,4484;4,792;0,028741
2014-08-22;2,4443;4,911;0,026836
2014-08-25;2,4277;5,035;0,02498
2014-08-26;2,4348;5,142;0,023498
2014-08-27;2,4028;5,233;0,022296
2014-08-28;2,3769;5,334;0,021047
2014-08-29;2,3904;5,482;0,019345
2014-09-02;2,4638;5,626;0,017819
2014-09-03;2,4554;5,798;0,01616
2014-09-04;2,4955;5,979;0,01459
2014-09-05;2,5047;6,172;0,013089
2014-09-08;2,5182;6,379;0,011651
2014-09-09;2,5353;6,615;0,010211
2014-09-10;2,5718;6,86;0,008903
2014-09-11;2,5798;7,165;0,007517
2014-09-12;2,6557;7,46;0,006382
2014-09-15;2,6347;7,765;0,005393
2014-09-16;2,6393;8,093;0,004505
2014-09-17;2,6604;8,439;0,003726
2014-09-18;2,6767;8,755;0,003135
2014-09-19;2,6292;9,061;0,002655
2014-09-22;2,6088;9,347;0,002272
2014-09-23;2,5794;9,666;0,001912
2014-09-24;2,6128;9,941;0,001649
2014-09-25;2,5539;10,242;0,001401
2014-09-26;2,5814;10,513;0,001211
2014-09-29;2,5407;10,802;0,001037
2014-09-30;2,5577;11,004;0,000931
2014-10-01;2,4553;11,233;0,000824
2014-10-02;2,4835;11,466;0,000727
2014-10-03;2,4859;11,686;0,000646
2014-10-06;2,4691;11,845;0,000594
2014-10-07;2,3999;11,992;0,000549
2014-10-08;2,3867;12,132;0,00051
2014-10-09;2,3787;12,248;0,00048
2014-10-10;2,3509;12,269;0,000474
2014-10-14;2,2512;12,239;0,000482
2014-10-15;2,1962;12,227;0,000485
2014-10-16;2,2151;12,259;0,000477
2014-10-17;2,2624;12,269;0,000474
2014-10-20;2,2384;12,314;0,000463
2014-10-21;2,2761;12,375;0,000448
2014-10-22;2,2916;12,479;0,000424
2014-10-23;2,3384;12,582;0,000402
2014-10-24;2,3356;12,671;0,000383
2014-10-27;2,3218;12,792;0,000359
2014-10-28;2,3538;12,945;0,000331
2014-10-29;2,3865;13,084;0,000308
2014-10-30;2,3711;13,256;0,000281
2014-10-31;2,4045;13,433;0,000256
2014-11-03;2,408;13,596;0,000235
2014-11-04;2,3935;13,77;0,000214
2014-11-05;2,4026;13,981;0,000192
2014-11-06;2,4381;14,115;0,000179
2014-11-07;2,3612;14,307;0,000161
2014-11-10;2,4169;14,495;0,000146
2014-11-12;2,4123;14,674;0,000133
2014-11-13;2,4024;14,826;0,000123
2014-11-14;2,3746;14,999;0,000112
2014-11-17;2,3946;15,157;0,000103
2014-11-18;2,3792;15,353;9,3e-05
2014-11-19;2,4144;15,525;8,5e-05
2014-11-20;2,3902;15,675;7,9e-05
2014-11-21;2,3687;15,812;7,3e-05
2014-11-24;2,3561;15,902;7e-05
2014-11-25;2,3113;15,968;6,8e-05
2014-11-26;2,2889;15,966;6,8e-05
2014-11-28;2,2255;16,013;6,6e-05
2014-12-01;2,2707;16,126;6,2e-05
2014-12-02;2,3324;16,241;5,9e-05
2014-12-03;2,3334;16,31;5,6e-05
2014-12-04;2,2911;16,44;5,3e-05
2014-12-05;2,346;16,511;5,1e-05
2014-12-08;2,292;16,535;5e-05
2014-12-09;2,2495;16,509;5,1e-05
2014-12-10;2,2026;16,503;5,1e-05
2014-12-11;2,2217;16,398;5,4e-05
2014-12-12;2,1296;16,318;5,6e-05
2014-12-15;2,1529;16,18;6e-05
2014-12-16;2,0988;16,125;6,2e-05
2014-12-17;2,176;16,154;6,1e-05
2014-12-18;2,2535;16,138;6,2e-05
2014-12-19;2,211;16,117;6,3e-05
2014-12-22;2,2067;16,196;6e-05
2014-12-23;2,3;16,277;5,7e-05
2014-12-24;2,3016;16,344;5,6e-05
2014-12-26;2,2875;16,372;5,5e-05
2014-12-29;2,2518;16,376;5,5e-05
2014-12-30;2,2302;16,358;5,5e-05
2014-12-31;2,2097;16,278;5,7e-05
2015-01-02;2,1516;16,105;6,3e-05
2015-01-05;2,0656;15,863;7,1e-05
2015-01-06;1,9992;15,616;8,1e-05
2015-01-07;1,993;15,437;8,9e-05
2015-01-08;2,0559;15,211;1e-04
2015-01-09;2,0102;14,924;0,000117
2015-01-12;1,949;14,634;0,000136
2015-01-13;1,9426;14,3;0,000162
2015-01-14;1,8969;13,887;0,000201
2015-01-15;1,8133;13,54;0,000242
2015-01-16;1,8738;13,19;0,000291
2015-01-20;1,8668;12,895;0,00034
2015-01-21;1,9185;12,624;0,000393
2015-01-22;1,94;12,28;0,000471
2015-01-23;1,859;11,961;0,000558
2015-01-26;1,8814;11,644;0,000661
2015-01-27;1,8781;11,245;0,000818
2015-01-28;1,7811;10,9;0,000984
2015-01-29;1,8351;10,485;0,00123
2015-01-30;1,7475;10,089;0,001522
2015-02-02;1,7591;9,78;0,001798
2015-02-03;1,8556;9,48;0,002115
2015-02-04;1,8608;9,203;0,002458
2015-02-05;1,8823;9,02;0,002714
2015-02-06;1,9966;8,845;0,002986
2015-02-09;2,0029;8,707;0,003219
2015-02-10;2,0486;8,573;0,003463
2015-02-11;2,0526;8,436;0,003732
2015-02-12;2,0469;8,333;0,003949
2015-02-13;2,0894;8,32;0,003977
2015-02-17;2,2072;8,255;0,004121
2015-02-18;2,1385;8,226;0,004188
2015-02-19;2,1855;8,207;0,004231
2015-02-20;2,1993;8,141;0,004387
2015-02-23;2,1363;8,021;0,004685
2015-02-24;2,065;7,881;0,005061
2015-02-25;2,0355;7,781;0,005347
2015-02-26;2,0892;7,664;0,005702
2015-02-27;2,0649;7,604;0,005894
2015-03-02;2,1418;7,574;0,005992
2015-03-03;2,1822;7,541;0,006104
2015-03-04;2,1777;7,496;0,006257
2015-03-05;2,1615;7,548;0,006078
2015-03-06;2,2958;7,566;0,006018
2015-03-09;2,248;7,542;0,0061
2015-03-10;2,1899;7,498;0,006249
2015-03-11;2,163;7,45;0,006418
2015-03-12;2,1568;7,416;0,00654
2015-03-13;2,176;7,364;0,006731
2015-03-16;2,1507;7,281;0,007046
2015-03-17;2,108;7,115;0,007727
2015-03-18;1,9887;6,981;0,008323
2015-03-19;2,0326;6,814;0,009137
2015-03-20;1,9821;6,641;0,01006
2015-03-23;1,9717;6,443;0,011239
2015-03-24;1,9302;6,278;0,012329
2015-03-25;1,9756;6,173;0,013077
2015-03-26;2,0641;6,029;0,014188
2015-03-27;2,0013;5,894;0,015309
2015-03-30;2,0143;5,744;0,01667
2015-03-31;1,9869;5,553;0,018577
2015-04-01;1,9191;5,393;0,020351
2015-04-02;1,9639;5,193;0,022822
2015-04-03;1,8931;5,037;0,024954
2015-04-06;1,9624;4,871;0,027462
2015-04-07;1,94;4,718;0,030008
2015-04-08;1,9576;4,599;0,032147
2015-04-09;2,0145;4,477;0,034511
2015-04-10;2,006;4,351;0,03715
2015-04-13;1,9952;4,205;0,04047
2015-04-14;1,9553;4,062;0,044034
2015-04-15;1,9555;3,917;0,047985
2015-04-16;1,9471;3,759;0,0527
2015-04-17;1,9177;3,619;0,057303
2015-04-20;1,9461;3,496;0,061701
2015-04-21;1,9752;3,411;0,064957
2015-04-22;2,0486;3,308;0,069149
2015-04-23;2,0089;3,195;0,074087
2015-04-24;1,9841;3,084;0,07926
2015-04-27;1,9863;3,004;0,083269
2015-04-28;2,0479;2,954;0,085874
2015-04-29;2,1126;2,9;0,088796
2015-04-30;2,1024;2,882;0,089806
2015-05-01;2,1816;2,879;0,089963
2015-05-04;2,216;2,886;0,089584
2015-05-05;2,2375;2,92;0,087705
2015-05-06;2,2985;2,925;0,087437
2015-05-07;2,2332;2,92;0,087699
2015-05-08;2,2115;2,968;0,085109
2015-05-11;2,3294;3,017;0,082604
2015-05-12;2,3284;3,075;0,079695
2015-05-13;2,3488;3,112;0,077926
2015-05-14;2,301;3,108;0,078099
2015-05-15;2,2143;3,144;0,076396
2015-05-18;2,2992;3,201;0,073796
2015-05-19;2,3426;3,251;0,071592
2015-05-20;2,3269;3,267;0,070899
2015-05-21;2,2555;3,297;0,069597
2015-05-22;2,2857;3,29;0,069922
2015-05-26;2,2059;3,28;0,070309
2015-05-27;2,2029;3,272;0,070689
2015-05-28;2,2033;3,256;0,071364
2015-05-29;2,1891;3,271;0,070719
2015-06-01;2,2531;3,326;0,068403
2015-06-02;2,336;3,436;0,064004
2015-06-03;2,4478;3,509;0,061219
2015-06-04;2,3715;3,633;0,056848
2015-06-05;2,4685;3,75;0,052987
2015-06-08;2,4532;3,884;0,048918
2015-06-09;2,4813;4,057;0,044169
2015-06-10;2,5487;4,178;0,041131
2015-06-11;2,4466;4,301;0,038252
2015-06-12;2,4482;4,41;0,035897
2015-06-15;2,4178;4,498;0,034103
2015-06-16;2,3785;4,584;0,032425
2015-06-17;2,3748;4,691;0,030484
2015-06-18;2,4075;4,746;0,029517
2015-06-19;2,3178;4,866;0,02754
2015-06-22;2,4275;5,014;0,025296
2015-06-23;2,4713;5,145;0,023454
2015-06-24;2,4411;5,288;0,021614
2015-06-25;2,4564;5,486;0,019302
2015-06-26;2,5427;5,59;0,018193
2015-06-29;2,3873;5,706;0,017033
2015-06-30;2,4047;5,876;0,015465
2015-07-01;2,4875;6,026;0,014212
2015-07-02;2,4516;6,109;0,013558
2015-07-06;2,3482;6,172;0,013088
2015-07-07;2,3158;6,199;0,012888
2015-07-08;2,2619;6,296;0,012208
2015-07-09;2,3655;6,463;0,011116
2015-07-10;2,4692;6,646;0,010032
2015-07-13;2,4899;6,807;0,00917
2015-07-14;2,4536;6,927;0,008576
2015-07-15;2,3924;7,048;0,008021
2015-07-16;2,3914;7,166;0,00751
2015-07-17;2,3869;7,3;0,006973
2015-07-20;2,4071;7,413;0,00655
2015-07-21;2,3763;7,509;0,006212
2015-07-22;2,3518;7,564;0,006028
2015-07-23;2,2943;7,619;0,005846
2015-07-24;2,2952;7,644;0,005767
2015-07-27;2,2533;7,69;0,005622
2015-07-28;2,2823;7,759;0,005413
2015-07-29;2,3125;7,816;0,005245
2015-07-30;2,2963;7,822;0,005226
2015-07-31;2,2284;7,793;0,005312
2015-08-03;2,1797;7,81;0,005261
2015-08-04;2,243;7,865;0,005104
2015-08-05;2,2928;7,889;0,005039
2015-08-06;2,2506;7,869;0,005093
2015-08-07;2,1935;7,895;0,005023
2015-08-10;2,253;7,854;0,005135
2015-08-11;2,1655;7,817;0,005241
2015-08-12;2,1699;7,816;0,005245
2015-08-13;2,2173;7,824;0,005223
2015-08-14;2,2294;7,807;0,00527
2015-08-17;2,197;7,823;0,005224
2015-08-18;2,2405;7,775;0,005364
2015-08-19;2,1546;7,707;0,00557
2015-08-20;2,127;7,615;0,00586
2015-08-21;2,0947;7,501;0,00624
2015-08-24;2,0643;7,474;0,006333
2015-08-25;2,1822;7,497;0,006253
2015-08-26;2,2506;7,517;0,006184
2015-08-27;2,246;7,537;0,006117
2015-08-28;2,246;7,569;0,006009
2015-08-31;2,2626;7,571;0,006002
2015-09-01;2,2214;7,594;0,005927
2015-09-02;2,2498;7,6;0,005908
2015-09-03;2,2264;7,571;0,006004
2015-09-04;2,1792;7,589;0,005942
2015-09-08;2,2439;7,603;0,005897
2015-09-09;2,2374;7,641;0,005777
2015-09-10;2,2687;7,655;0,005731
2015-09-11;2,2379;7,661;0,005713
2015-09-14;2,226;7,743;0,00546
2015-09-15;2,3289;7,841;0,005174
2015-09-16;2,3486;7,871;0,005088
2015-09-17;2,2586;7,843;0,005168
2015-09-18;2,1806;7,867;0,005099
2015-09-21;2,2507;7,841;0,005172
2015-09-22;2,1836;7,827;0,005213
2015-09-23;2,1991;7,791;0,005317
2015-09-24;2,1702;7,784;0,005337
2015-09-25;2,2089;7,72;0,00553
2015-09-28;2,1322;7,62;0,005844
2015-09-29;2,0832;7,529;0,006145
2015-09-30;2,0954;7,431;0,006485
2015-10-01;2,0854;7,292;0,007003
2015-10-02;2,0278;7,207;0,007341
2015-10-05;2,1004;7,109;0,007753
2015-10-06;2,0814;7,028;0,008108
2015-10-07;2,1053;6,978;0,008337
2015-10-08;2,1475;6,927;0,008576
2015-10-09;2,1465;6,835;0,009027
2015-10-13;2,0877;6,697;0,009749
2015-10-14;2,0209;6,593;0,010335
2015-10-15;2,0675;6,494;0,010924
2015-10-16;2,0743;6,401;0,011509
2015-10-19;2,0819;6,338;0,01192
2015-10-20;2,1261;6,247;0,012544
2015-10-21;2,0835;6,158;0,013193
2015-10-22;2,0844;6,106;0,01358
2015-10-23;2,1412;6,036;0,014127
2015-10-26;2,1124;5,953;0,01481
2015-10-27;2,0913;5,905;0,015211
2015-10-28;2,146;5,912;0,015154
2015-10-29;2,2281;5,901;0,015248
2015-10-30;2,2011;5,917;0,015116
2015-11-02;2,2412;5,956;0,014784
2015-11-03;2,2775;6,003;0,014393
2015-11-04;2,2894;6,059;0,013946
2015-11-05;2,3018;6,174;0,013076
2015-11-06;2,3885;6,303;0,012155
2015-11-09;2,4096;6,421;0,011379
2015-11-10;2,3896;6,543;0,010627
2015-11-12;2,3942;6,639;0,010074
2015-11-13;2,3546;6,726;0,009594
2015-11-16;2,3418;6,8;0,009207
2015-11-17;2,3218;6,887;0,00877
2015-11-18;2,3399;6,956;0,008441
2015-11-19;2,3133;7,038;0,008066
2015-11-20;2,3307;7,108;0,007758
2015-11-23;2,3137;7,167;0,007506
2015-11-24;2,2987;7,225;0,007269
2015-11-25;2,296;7,276;0,007066
2015-11-27;2,2864;7,322;0,006889
2015-11-30;2,2788;7,321;0,006894
2015-12-01;2,2145;7,339;0,006825
2015-12-02;2,2411;7,469;0,00635
2015-12-03;2,3923;7,562;0,006032
2015-12-04;2,3408;7,616;0,005856
2015-12-07;2,2877;7,676;0,005667
2015-12-08;2,2953;7,719;0,005534
2015-12-09;2,273;7,78;0,00535
2015-12-10;2,2964;7,759;0,005411
2015-12-11;2,189;7,816;0,005244
2015-12-14;2,2905;7,906;0,004991
2015-12-15;2,3335;8,02;0,004687
2015-12-16;2,3639;8,081;0,004534
2015-12-17;2,2936;8,109;0,004464
2015-12-18;2,2521;8,14;0,00439
2015-12-21;2,2545;8,205;0,004236
2015-12-22;2,2984;8,297;0,004028
2015-12-23;2,3327;8,372;0,003866
2015-12-24;2,3097;8,438;0,003728
2015-12-28;2,2991;8,569;0,00347
2015-12-29;2,3789;8,699;0,003233
2015-12-30;2,376;8,804;0,003054
2015-12-31;2,3436;8,88;0,00293
2016-01-04;2,3079;8,963;0,0028
2016-01-05;2,3169;8,986;0,002765
2016-01-06;2,2427;8,988;0,002763
2016-01-07;2,2161;8,967;0,002794
2016-01-08;2,1896;8,977;0,002778
2016-01-11;2,2272;8,941;0,002835
2016-01-12;2,1698;8,867;0,00295
2016-01-13;2,125;8,82;0,003026
2016-01-14;2,1574;8,718;0,003201
2016-01-15;2,0886;8,632;0,003354
2016-01-19;2,1086;8,506;0,003593
2016-01-20;2,0584;8,393;0,003822
2016-01-21;2,0736;8,313;0,003991
2016-01-22;2,1151;8,202;0,004242
2016-01-25;2,0744;8,082;0,004532
2016-01-26;2,0616;7,964;0,004835
2016-01-27;2,0637;7,833;0,005197
2016-01-28;2,0455;7,659;0,005718
2016-01-29;1,989;7,514;0,006196
2016-02-01;2,0236;7,292;0,007004
2016-02-02;1,9198;7,084;0,007861
2016-02-03;1,9341;6,871;0,00885
2016-02-04;1,923;6,648;0,010023
2016-02-05;1,9047;6,353;0,011822
2016-02-08;1,7971;6,059;0,01395
2016-02-09;1,7883;5,757;0,016543
2016-02-10;1,7669;5,417;0,020076
2016-02-11;1,6952;5,155;0,023326
2016-02-12;1,8036;4,919;0,026715
2016-02-16;1,8363;4,711;0,030119
2016-02-17;1,8746;4,473;0,034591
2016-02-18;1,815;4,245;0,039539
2016-02-19;1,8212;4,029;0,044913
2016-02-22;1,8325;3,806;0,051269
2016-02-23;1,8097;3,591;0,05827
2016-02-24;1,815;3,362;0,066904
2016-02-25;1,7735;3,17;0,075221
2016-02-26;1,8326;2,974;0,084823
2016-02-29;1,8145;2,829;0,092802
2016-03-01;1,91;2,694;0,100942
2016-03-02;1,9252;2,553;0,110282
2016-03-03;1,9046;2,44;0,11849
2016-03-04;1,9596;2,338;0,126455
2016-03-07;1,9805;2,204;0,137873
2016-03-08;1,8974;2,097;0,147816
2016-03-09;1,9553;2,008;0,156685
2016-03-10;1,995;1,938;0,164099
2016-03-11;2,039;1,865;0,172243
2016-03-14;2,0284;1,792;0,180893
2016-03-15;2,024;1,709;0,19134
2016-03-16;1,9928;1,617;0,203765
2016-03-17;1,9618;1,517;0,21827
2016-03-18;1,9331;1,435;0,231201
2016-03-21;1,9756;1,362;0,243442
2016-03-22;1,9975;1,269;0,260089
2016-03-23;1,9303;1,188;0,275965
2016-03-24;1,9556;1,102;0,293934
2016-03-28;1,9333;0,999;0,31767
2016-03-29;1,8593;0,907;0,341077
2016-03-30;1,8815;0,806;0,369456
2016-03-31;1,8294;0,713;0,398466
2016-04-01;1,8399;0,622;0,430545
2016-04-04;1,819;0,526;0,468589
2016-04-05;1,7667;0,444;0,505379
2016-04-06;1,8011;0,358;0,54967
2016-04-07;1,7368;0,285;0,59384
2016-04-08;1,7574;0,22;0,638811
2016-04-11;1,7654;0,171;0,679513
2016-04-12;1,8206;0,125;0,723425
2016-04-13;1,7996;0,089;0,765438
2016-04-14;1,8264;0,056;0,812154
2016-04-15;1,7901;0,032;0,857457
2016-04-18;1,8095;0,015;0,901289
2016-04-19;1,8274;0,006;0,938848
2016-04-20;1,8865;0,001;0,974373
2016-04-21;1,9062;0;0,992499
2016-04-22;1,9283;0,002;0,961246
2016-04-25;1,9452;0,007;0,933687
2016-04-26;1,9779;0,016;0,897822
2016-04-27;1,9032;0,032;0,858428
2016-04-28;1,8699;0,052;0,818844
2016-04-29;1,8654;0,074;0,785168
2016-05-02;1,916;0,107;0,744204
2016-05-03;1,8447;0,146;0,702023
2016-05-04;1,8268;0,197;0,656968
2016-05-05;1,7905;0,252;0,615956
2016-05-06;1,8194;0,316;0,573864
2016-05-09;1,7967;0,388;0,533194
2016-05-10;1,7973;0,472;0,492113
2016-05-11;1,7764;0,558;0,455051
2016-05-12;1,8033;0,662;0,415901
2016-05-13;1,7584;0,764;0,382184
2016-05-16;1,8026;0,872;0,350422
2016-05-17;1,8062;0,957;0,328199
2016-05-18;1,9184;1,051;0,305502
2016-05-19;1,8979;1,151;0,283496
2016-05-20;1,8925;1,259;0,262041
2016-05-23;1,8839;1,363;0,243268
2016-05-24;1,911;1,468;0,225865
2016-05-25;1,9188;1,591;0,207329
2016-05-26;1,8798;1,712;0,190865
2016-05-27;1,8997;1,842;0,17487
2016-05-31;1,8889;1,976;0,160044
2016-06-01;1,8928;2,132;0,144417
2016-06-02;1,8486;2,34;0,126277
2016-06-03;1,7461;2,547;0,110716
2016-06-06;1,7703;2,77;0,096255
2016-06-07;1,7552;3,009;0,082999
2016-06-08;1,7423;3,272;0,070674
2016-06-09;1,7169;3,57;0,059038
2016-06-10;1,6738;3,891;0,048722
2016-06-13;1,6555;4,227;0,039955
2016-06-14;1,6558;4,592;0,03228
2016-06-15;1,6323;4,989;0,025656
2016-06-16;1,6074;5,373;0,020584
2016-06-17;1,652;5,74;0,0167
2016-06-20;1,6973;6,094;0,013673
2016-06-21;1,7341;6,473;0,011055
2016-06-22;1,7163;6,82;0,009107
2016-06-23;1,7731;7,312;0,006928
2016-06-24;1,6008;7,913;0,004972
2016-06-27;1,4897;8,544;0,003518
2016-06-28;1,4839;9,196;0,002467
2016-06-29;1,49;9,85;0,001732
2016-06-30;1,5151;10,553;0,001185
2016-07-01;1,4879;11,374;0,000764
2016-07-05;1,3965;12,219;0,000487
2016-07-06;1,4035;13,084;0,000308
2016-07-07;1,416;14,013;0,000188
2016-07-08;1,3861;14,906;0,000118
2016-07-11;1,4484;15,717;7,7e-05
2016-07-12;1,5422;16,606;4,8e-05
2016-07-13;1,4981;17,453;3,1e-05
2016-07-14;1,5533;18,242;2,1e-05
2016-07-15;1,6163;19,062;1,4e-05
2016-07-18;1,608;19,94;9e-06
2016-07-19;1,5788;20,799;6e-06
2016-07-20;1,6095;21,71;3e-06
2016-07-21;1,5869;22,627;2e-06
2016-07-22;1,5977;23,562;1e-06
2016-07-25;1,5997;24,531;1e-06
2016-07-26;1,592;25,595;0
2016-07-27;1,5435;26,694;0
2016-07-28;1,5381;27,909;0
2016-07-29;1,482;29,075;0
2016-08-01;1,5303;30,208;0
2016-08-02;1,5663;31,371;0
2016-08-03;1,5631;32,622;0
2016-08-04;1,5277;33,754;0
2016-08-05;1,6101;34,908;0
2016-08-08;1,6109;36,166;0
2016-08-09;1,5662;37,511;0
2016-08-10;1,5346;38,754;0
2016-08-11;1,6023;40,118;0
2016-08-12;1,5527;41,43;0
2016-08-15;1,593;42,724;0
2016-08-16;1,6142;44,08;0
2016-08-17;1,5957;45,515;0
2016-08-18;1,5701;46,872;0
2016-08-19;1,6199;48,338;0
2016-08-22;1,5809;49,831;0
2016-08-23;1,5809;51,357;0
2016-08-24;1,579;52,856;0
2016-08-25;1,6028;54,264;0
2016-08-26;1,6533;55,829;0
2016-08-29;1,5965;57,41;0
2016-08-30;1,6017;58,999;0
2016-08-31;1,6099;60,628;0
2016-09-01;1,6046;62,199;0
2016-09-02;1,6386;63,943;0
2016-09-06;1,581;65,753;0
2016-09-07;1,5677;67,382;0
2016-09-08;1,648;68,878;0
2016-09-09;1,7074;70,409;0
2016-09-12;1,7022;71,791;0
2016-09-13;1,7649;73,282;0
2016-09-14;1,7319;74,753;0
2016-09-15;1,7466;76,291;0
2016-09-16;1,73;77,836;0
2016-09-19;1,7348;79,432;0
2016-09-20;1,7248;81,132;0
2016-09-21;1,6968;82,965;0
2016-09-22;1,661;84,846;0
2016-09-23;1,6543;86,843;0
2016-09-26;1,626;88,967;0
2016-09-27;1,5954;91,097;0
2016-09-28;1,6044;93,293;0
2016-09-29;1,5948;95,405;0
2016-09-30;1,6311;97,46;0
2016-10-03;1,6581;99,341;0
2016-10-04;1,7186;101,134;0
2016-10-05;1,7522;102,839;0
2016-10-06;1,7847;104,641;0
2016-10-07;1,7628;106,337;0
2016-10-11;1,7993;108,004;0
2016-10-12;1,8131;109,818;0
2016-10-13;1,7778;111,485;0
2016-10-14;1,8247;113,269;0
2016-10-17;1,7976;115,135;0
2016-10-18;1,7817;117,003;0
2016-10-19;1,7872;118,903;0
2016-10-20;1,7848;120,889;0
2016-10-21;1,7682;122,796;0
2016-10-24;1,7954;124,756;0
2016-10-25;1,7875;126,63;0
2016-10-26;1,8156;128,281;0
2016-10-27;1,8767;129,921;0
2016-10-28;1,884;131,643;0
2016-10-31;1,8682;133,398;0
2016-11-01;1,8644;135,305;0
2016-11-02;1,8325;137,158;0
2016-11-03;1,8505;139,175;0
2016-11-04;1,8168;141,01;0
2016-11-07;1,8648;142,685;0
2016-11-08;1,9069;143,458;0
2016-11-09;2,1193;143,896;0
2016-11-10;2,198;143,981;0
2016-11-14;2,28;144,024;0
2016-11-15;2,2898;144,109;0
2016-11-16;2,2806;143,902;0
2016-11-17;2,3481;143,469;0
2016-11-18;2,4001;143,089;0
2016-11-21;2,3884;142,748;0
2016-11-22;2,3794;142,233;0
2016-11-23;2,42;141,705;0
2016-11-25;2,4231;141,351;0
2016-11-28;2,3832;141,069;0
2016-11-29;2,3668;140,491;0
2016-11-30;2,4353;139,555;0
2016-12-01;2,519;138,888;0
2016-12-02;2,4569;138,219;0
2016-12-05;2,4576;137,536;0
2016-12-06;2,4616;137,047;0
2016-12-07;2,4165;136,288;0
2016-12-08;2,4799;135,26;0
2016-12-09;2,5438;134,205;0
2016-12-12;2,551;133,179;0
2016-12-13;2,545;131,918;0
2016-12-14;2,6018;130,414;0
2016-12-15;2,6611;128,913;0
2016-12-16;2,6627;127,668;0
2016-12-19;2,6026;126,304;0
2016-12-20;2,6329;125,043;0
2016-12-21;2,6095;123,764;0
2016-12-22;2,6155;122,512;0
2016-12-23;2,61;121,179;0
2016-12-27;2,6319;120,067;0
2016-12-28;2,5782;119,078;0
2016-12-29;2,5486;118,239;0
2016-12-30;2,5119;117,433;0
2017-01-03;2,5043;116,609;0
2017-01-04;2,5092;116,127;0
2017-01-05;2,4235;115,479;0
2017-01-06;2,4655;115,004;0
2017-01-09;2,4223;114,521;0
2017-01-10;2,4244;114,074;0
2017-01-11;2,4158;113,673;0
2017-01-12;2,404;113,143;0
2017-01-13;2,4372;112,867;0
2017-01-17;2,3728;112,24;0
2017-01-18;2,4625;111,415;0
2017-01-19;2,514;110,568;0
2017-01-20;2,5201;110,012;0
2017-01-23;2,4458;109,209;0
2017-01-24;2,5099;108,19;0
2017-01-25;2,5668;107,229;0
2017-01-26;2,5525;106,355;0
2017-01-27;2,5309;105,635;0
2017-01-31;2,4912;104,813;0
2017-02-01;2,5186;104,018;0
2017-02-02;2,5121;103,182;0
2017-02-03;2,5237;102,634;0
2017-02-06;2,4478;102,177;0
2017-02-07;2,4239;101,882;0
2017-02-08;2,3812;101,328;0
2017-02-09;2,4503;100,739;0
2017-02-10;2,4602;100,076;0
2017-02-13;2,4802;99,247;0
2017-02-14;2,5252;98,301;0
2017-02-15;2,5576;97,564;0
2017-02-16;2,5022;96,933;0
2017-02-17;2,4737;96,29;0
2017-02-21;2,4777;95,68;0
2017-02-22;2,4691;95,211;0
2017-02-23;2,4307;94,996;0
2017-02-24;2,3618;94,594;0
2017-02-27;2,4133;94,209;0
2017-02-28;2,4086;93,461;0
2017-03-01;2,5083;92,596;0
2017-03-02;2,5413;91,757;0
2017-03-03;2,535;90,906;0
2017-03-06;2,5393;90,059;0
2017-03-07;2,539;88,999;0
2017-03-08;2,5996;87,774;0
2017-03-09;2,6473;86,623;0
2017-03-10;2,6287;85,434;0
2017-03-14;2,6412;84,581;0
2017-03-15;2,5466;83,645;0
2017-03-16;2,5715;82,81;0
2017-03-17;2,5435;82,088;0
2017-03-20;2,5115;81,506;0
2017-03-21;2,4713;81,009;0
2017-03-22;2,4471;80,488;0
2017-03-23;2,4542;80,014;0
2017-03-24;2,4411;79,613;0
2017-03-27;2,4198;79,072;0
2017-03-28;2,4611;78,648;0
2017-03-29;2,4271;78,1;0
2017-03-30;2,464;77,631;0
2017-03-31;2,4412;77,346;0
2017-04-03;2,3866;77,038;0
2017-04-04;2,394;76,797;0
2017-04-05;2,3741;76,533;0
2017-04-06;2,3812;76,151;0
2017-04-07;2,4162;75,825;0
2017-04-10;2,4001;75,703;0
2017-04-11;2,3397;75,656;0
2017-04-12;2,3173;75,758;0
2017-04-13;2,2738;75,77;0
2017-04-17;2,3007;76,075;0
2017-04-18;2,2149;76,26;0
2017-04-19;2,2505;76,347;0
2017-04-20;2,2801;76,457;0
2017-04-21;2,2735;76,427;0
2017-04-24;2,315;76,181;0
2017-04-25;2,3779;76,029;0
2017-04-26;2,3509;75,935;0
2017-04-27;2,3339;75,874;0
2017-04-28;2,3249;75,689;0
2017-05-01;2,361;75,624;0
2017-05-02;2,3264;75,426;0
2017-05-03;2,3651;75,116;0
2017-05-04;2,3976;74,826;0
2017-05-05;2,3924;74,429;0
2017-05-08;2,4232;73,945;0
2017-05-09;2,449;73,449;0
2017-05-10;2,4526;73,006;0
2017-05-11;2,4376;72,777;0
2017-05-12;2,3754;72,505;0
2017-05-15;2,3882;72,287;0
2017-05-16;2,3727;72,423;0
2017-05-17;2,2697;72,542;0
2017-05-18;2,275;72,654;0
2017-05-19;2,2777;72,724;0
2017-05-22;2,2902;72,67;0
2017-05-23;2,3264;72,72;0
2017-05-24;2,2968;72,804;0
2017-05-25;2,2875;72,888;0
2017-05-26;2,2877;73,112;0
2017-05-30;2,2485;73,358;0
2017-05-31;2,243;73,585;0
2017-06-01;2,2491;74,047;0
2017-06-02;2,1837;74,413;0
2017-06-05;2,2121;74,921;0
2017-06-06;2,1735;75,33;0
2017-06-07;2,2025;75,69;0
2017-06-08;2,217;76,002;0
2017-06-09;2,2314;76,304;0
2017-06-12;2,235;76,615;0
2017-06-13;2,2333;77,165;0
2017-06-14;2,1699;77,671;0
2017-06-15;2,1834;78,216;0
2017-06-16;2,1744;78,639;0
2017-06-19;2,2085;79,199;0
2017-06-20;2,1735;79,747;0
2017-06-21;2,1784;80,344;0
2017-06-22;2,167;80,948;0
2017-06-23;2,1672;81,587;0
2017-06-26;2,16;81,966;0
2017-06-27;2,2281;82,277;0
2017-06-28;2,2468;82,385;0
2017-06-29;2,2987;82,36;0
2017-06-30;2,3331;82,159;0
2017-07-03;2,378;82,046;0
2017-07-05;2,356;81,762;0
2017-07-06;2,3993;81,394;0
2017-07-07;2,4206;81,094;0
2017-07-10;2,4039;80,839;0
2017-07-11;2,3927;80,754;0
2017-07-12;2,3502;80,582;0
2017-07-13;2,3724;80,495;0
2017-07-14;2,3513;80,481;0
2017-07-17;2,3335;80,639;0
2017-07-18;2,2912;80,775;0
2017-07-19;2,2973;80,942;0
2017-07-20;2,2903;81,212;0
2017-07-21;2,2655;81,426;0
2017-07-24;2,2804;81,327;0
2017-07-25;2,3577;81,401;0
2017-07-26;2,3157;81,375;0
2017-07-27;2,3406;81,428;0
2017-07-28;2,322;81,482;0
2017-07-31;2,3224;81,697;0
2017-08-01;2,284;81,895;0
2017-08-02;2,289;82,231;0
2017-08-03;2,257;82,427;0
2017-08-04;2,2913;82,658;0
2017-08-07;2,2839;82,784;0
2017-08-08;2,3097;83,092;0
2017-08-09;2,2674;83,565;0
2017-08-10;2,2304;84,107;0
2017-08-11;2,2156;84,506;0
2017-08-14;2,2505;84,716;0
2017-08-15;2,295;85,099;0
2017-08-16;2,2564;85,66;0
2017-08-17;2,2176;86,215;0
2017-08-18;2,2206;86,82;0
2017-08-21;2,2113;87,288;0
2017-08-22;2,2436;87,968;0
2017-08-23;2,1985;88,559;0
2017-08-24;2,2202;89,261;0
2017-08-25;2,1979;90,022;0
2017-08-28;2,1874;90,943;0
2017-08-29;2,1558;91,823;0
2017-08-30;2,1676;92,851;0
2017-08-31;2,1394;93,695;0
2017-09-01;2,181;94,976;0
2017-09-05;2,0941;96,123;0
2017-09-06;2,1257;97,577;0
2017-09-07;2,0679;99,013;0
2017-09-08;2,0766;100,078;0
2017-09-11;2,1544;100,987;0
2017-09-12;2,1884;101,778;0
2017-09-13;2,2139;102,592;0
2017-09-14;2,212;103,369;0
2017-09-15;2,2214;103,998;0
2017-09-18;2,2519;104,59;0
2017-09-19;2,261;104,991;0
2017-09-20;2,2983;105,45;0
2017-09-21;2,289;105,971;0
2017-09-22;2,2794;106,753;0
2017-09-25;2,2335;107,436;0
2017-09-26;2,254;107,751;0
2017-09-27;2,3222;108,058;0
2017-09-28;2,3252;108,269;0
2017-09-29;2,3435;108,437;0
2017-10-02;2,3523;108,675;0
2017-10-03;2,3411;108,914;0
2017-10-04;2,3423;109,051;0
2017-10-05;2,3612;109,082;0
2017-10-06;2,3809;109,254;0
2017-10-10;2,3574;109,462;0
2017-10-11;2,3523;109,774;0
2017-10-12;2,336;110,367;0
2017-10-13;2,2896;110,862;0
2017-10-16;2,3083;111,369;0
2017-10-17;2,3082;111,642;0
2017-10-18;2,349;112,006;0
2017-10-19;2,3355;112,025;0
2017-10-20;2,3939;112,124;0
2017-10-23;2,3818;111,972;0
2017-10-24;2,4241;111,685;0
2017-10-25;2,4467;111,293;0
2017-10-26;2,4647;111,127;0
2017-10-27;2,4286;111,273;0
2017-10-30;2,3794;111,398;0
2017-10-31;2,384;111,593;0
2017-11-01;2,3742;111,91;0
2017-11-02;2,3565;112,349;0
2017-11-03;2,3391;112,915;0
2017-11-06;2,3213;113,555;0
2017-11-07;2,3123;114,089;0
2017-11-08;2,331;114,555;0
2017-11-09;2,3437;114,546;0
2017-11-10;2,4176;114,552;0
2017-11-13;2,4166;114,698;0
2017-11-14;2,3971;115,203;0
2017-11-15;2,3454;115,467;0
2017-11-16;2,3832;115,876;0
2017-11-17;2,3638;116,14;0
2017-11-20;2,3871;116,46;0
2017-11-21;2,381;117,034;0
2017-11-22;2,3468;117,512;0
2017-11-24;2,363;118,118;0
2017-11-27;2,3475;118,668;0
2017-11-28;2,3581;118,947;0
2017-11-29;2,3983;118,933;0
2017-11-30;2,4407;119,322;0
2017-12-01;2,3873;119,668;0
2017-12-04;2,3955;120,171;0
2017-12-05;2,3769;120,937;0
2017-12-06;2,3449;121,39;0
2017-12-07;2,3895;121,79;0
2017-12-08;2,3991;122,187;0
2017-12-11;2,4021;122,469;0
2017-12-12;2,4196;123,112;0
2017-12-13;2,3763;123,851;0
2017-12-14;2,3677;124,636;0
2017-12-15;2,3656;125,116;0
2017-12-18;2,4071;125,007;0
2017-12-19;2,4818;124,624;0
2017-12-20;2,5171;124,355;0
2017-12-21;2,505;124,112;0
2017-12-22;2,5038;124,046;0
2017-12-26;2,4846;124,46;0
2017-12-27;2,4304;124,741;0
2017-12-28;2,4492;125,247;0
2017-12-29;2,4263;125,337;0
2018-01-02;2,4776;125,599;0
2018-01-03;2,461;125,826;0
2018-01-04;2,4682;125,906;0
2018-01-05;2,4878;125,922;0
2018-01-08;2,4979;125,373;0
2018-01-09;2,5625;124,835;0
2018-01-10;2,5633;124,42;0
2018-01-11;2,5523;123,921;0
2018-01-12;2,5638;123,539;0
2018-01-16;2,5537;122,929;0
2018-01-17;2,5803;121,824;0
2018-01-18;2,6344;120,58;0
2018-01-19;2,6506;119,193;0
2018-01-22;2,6671;118,161;0
2018-01-23;2,6321;116,935;0
2018-01-24;2,6541;116,008;0
2018-01-25;2,6254;114,734;0
2018-01-26;2,6629;113,113;0
2018-01-29;2,6999;111,196;0
2018-01-30;2,7312;109,358;0
2018-01-31;2,7249;106,876;0
2018-02-01;2,791;103,795;0
2018-02-02;2,8525;101,393;0
2018-02-05;2,7858;98,89;0
2018-02-06;2,7973;95,761;0
2018-02-07;2,8619;92,506;0
2018-02-08;2,8763;89,412;0
2018-02-09;2,8618;86,072;0
2018-02-12;2,8885;83,06;0
2018-02-13;2,8568;79,206;0
2018-02-14;2,9452;75,54;0
2018-02-15;2,9282;72,134;0
2018-02-16;2,9034;68,687;0
2018-02-20;2,9099;64,745;0
2018-02-21;2,9646;61,022;0
2018-02-22;2,9443;57,716;0
2018-02-23;2,9017;54,613;0
2018-02-26;2,8816;51,149;0
2018-02-27;2,9231;47,98;0
2018-02-28;2,8929;45,358;0
2018-03-01;2,8339;42,272;0
2018-03-02;2,887;39,031;0
2018-03-05;2,9064;35,844;0
2018-03-06;2,9025;32,651;0
2018-03-07;2,9053;29,708;0
2018-03-08;2,8786;26,524;0
2018-03-09;2,9086;23,6;1e-06
2018-03-12;2,8804;20,916;5e-06
2018-03-13;2,8537;18,474;1,8e-05
2018-03-14;2,8264;16,027;6,5e-05
2018-03-15;2,8286;13,363;0,000266
2018-03-16;2,8558;10,686;0,001104
2018-03-19;2,8588;7,75;0,005438
2018-03-20;2,8915;4,755;0,029361
